{
  "project_info": {
    "project_number": "833133110709",
    "project_id": "shopapp-f7ade",
    "storage_bucket": "shopapp-f7ade.appspot.com"
  },
  "client": [
    {
      "client_info": {
        "mobilesdk_app_id": "1:833133110709:android:10b8462742cd4408d125fc",
        "android_client_info": {
          "package_name": "com.mycompany.shopapp"
        }
      },
      "oauth_client": [
        {
          "client_id": "833133110709-5ad7aalcqqhencs044o417c83q0gs51h.apps.googleusercontent.com",
          "client_type": 3
        }
      ],
      "api_key": [
        {
          "current_key": "AIzaSyDZ6yT2fiPF_hVKQcDBADAthfO8OoU2hfY"
        }
      ],
      "services": {
        "appinvite_service": {
          "other_platform_oauth_client": [
            {
              "client_id": "833133110709-5ad7aalcqqhencs044o417c83q0gs51h.apps.googleusercontent.com",
              "client_type": 3
            },
            {
              "client_id": "833133110709-n4kb256pinerllnqokhhlejmgq027qmg.apps.googleusercontent.com",
              "client_type": 2,
              "ios_info": {
                "bundle_id": "com.mycompany.shopapp"
              }
            }
          ]
        }
      }
    }
  ],
  "configuration_version": "1"
}